{"mae": 0.042861635879091156, "mse": 0.002782661740080545, "rmse": 0.052750940655883524, "r2": 0.9999142216077097}